,url,title,image,description,category,balance,currency,progress,project_id
0,https://www.indiegogo.com/projects/sirui-75mm-anamorphic-lens-king-of-portrait/pica,SIRUI 75mm Anamorphic Lens King of Portrait,"https://c1.iggcdn.com/indiegogo-media-prod-cld/image/upload/c_fill,f_auto,h_273,w_273/gp5aurjxy2arn8nbflwu.jpg",Enhance the artistic appeal of your footage and immerse your audience in an anamorphic world.,CAMERA GEAR,"$305,424 ",USD raised,"61,085%",https://www.indiegogo.com/projects/sirui-75mm-anamorphic-lens-king-of-portrait/pica
1,https://www.indiegogo.com/projects/livall-evo21-smart-helmet-360-active-protection/pica,LIVALL EVO21 Smart Helmet: 360 Active Protection,"https://c1.iggcdn.com/indiegogo-media-prod-cld/image/upload/c_fill,f_auto,h_273,w_273/isxwv6z9ejscsj1iegjy.jpg","The world’s smartest lighting helmet with 270° rear light, patented fall detection and SOS alert",TRAVEL & OUTDOORS,"$209,162 ",USD raised,"2,092%",https://www.indiegogo.com/projects/livall-evo21-smart-helmet-360-active-protection/pica
2,https://www.indiegogo.com/projects/me-mum-a-new-method-for-predicting-fertility/pica,me.mum: a new method for predicting fertility,"https://c1.iggcdn.com/indiegogo-media-prod-cld/image/upload/c_fill,f_auto,h_273,w_273/mbcrqblic4k2mnmr9pn9.jpg","From a drop of saliva, me.mum analyzes hormones and predicts the best possible time to conceive",HEALTH & FITNESS,"€8,028 ",EUR raised,115%,https://www.indiegogo.com/projects/me-mum-a-new-method-for-predicting-fertility/pica
3,https://www.indiegogo.com/projects/gamma-all-season-graphene-infused-heated-jacket/pica,GAMMA: All-Season Graphene Infused Heated Jacket,"https://c1.iggcdn.com/indiegogo-media-prod-cld/image/upload/c_fill,f_auto,h_273,w_273/es7td4ynkw8hbvkxe3hx.jpg","The ultimate heated jacket: Graphene-infused, lightweight, waterproof, with 10 smart pockets!",TRAVEL & OUTDOORS,"$19,499,995 ",HKD raised,"49,472%",https://www.indiegogo.com/projects/gamma-all-season-graphene-infused-heated-jacket/pica
4,https://www.indiegogo.com/projects/edge-the-first-modular-work-from-home-kit/pica,EDGE - The First Modular Work From Home Kit,"https://c1.iggcdn.com/indiegogo-media-prod-cld/image/upload/c_fill,f_auto,h_273,w_273/iulwys6gxhwl0jryclur.jpg","Your workstation, anywhere. Guaranteed to boost your productivity.",PRODUCTIVITY,"€332,588 ",EUR raised,"3,326%",https://www.indiegogo.com/projects/edge-the-first-modular-work-from-home-kit/pica
5,https://www.indiegogo.com/projects/gosun-chillest-solar-cooler-that-doesn-t-need-ice/pica,GoSun Chillest: Solar Cooler That Doesn’t Need Ice,"https://c1.iggcdn.com/indiegogo-media-prod-cld/image/upload/c_fill,f_auto,h_273,w_273/ibqvkk8sgg3icfmd4dze.jpg","45L cooler with 2 refrigeration zones. Keeps your food cold for 10+ hours. No ice needed, ever.",ENERGY & GREEN TECH,"$443,303 ",USD raised,"2,955%",https://www.indiegogo.com/projects/gosun-chillest-solar-cooler-that-doesn-t-need-ice/pica
6,https://www.indiegogo.com/projects/olive-pro-2-in-1-hearing-aids-bluetooth-earbuds/pica,Olive Pro: 2-in-1 Hearing Aids & Bluetooth Earbuds,"https://c1.iggcdn.com/indiegogo-media-prod-cld/image/upload/c_fill,f_auto,h_273,w_273/hwb3ivjtnyb0zz9kskzu.jpg","Enhanced Hearing for Sounds, Music and Conversations. Affordable Hearing for All.",AUDIO,"$2,085,418 ",USD raised,"4,411%",https://www.indiegogo.com/projects/olive-pro-2-in-1-hearing-aids-bluetooth-earbuds/pica
7,https://www.indiegogo.com/projects/oyeet-nex-pro-massage-gun-breakthrough-the-limits/pica,OYeet NEX Pro Massage Gun: Breakthrough the Limits,"https://c1.iggcdn.com/indiegogo-media-prod-cld/image/upload/c_fill,f_auto,h_273,w_273/vj3uanwuo0pkpvlai3mi.jpg",60lbs Force｜40% Deeper Depth｜3500PPM｜1.2lbs Lightweight｜8 Pro Attachments｜240mins Runtime,HEALTH & FITNESS,"$3,500,866 ",HKD raised,"9,020%",https://www.indiegogo.com/projects/oyeet-nex-pro-massage-gun-breakthrough-the-limits/pica
8,https://www.indiegogo.com/projects/aawireless/pica,AAWireless,"https://c1.iggcdn.com/indiegogo-media-prod-cld/image/upload/c_fill,f_auto,h_273,w_273/vuhdhxrvgagorxi07vr7.jpg",Bring wireless Android Auto connection to your car,PHONES & ACCESSORIES,"$2,673,795 ",USD raised,295%,https://www.indiegogo.com/projects/aawireless/pica
9,https://www.indiegogo.com/projects/kylgor-in-the-grisly-abyss-puppet-horror-fantasy/pica,Kylgor in the Grisly Abyss: Puppet Horror-Fantasy,"https://c1.iggcdn.com/indiegogo-media-prod-cld/image/upload/c_fill,f_auto,h_273,w_273/dojshj7yed3ytb17uflq.jpg","A gore-soaked mix of Lord Of The Rings, Conan, and 80's Creature features, With puppets!",FILM,"$1,565 ",CAD raised,26%,https://www.indiegogo.com/projects/kylgor-in-the-grisly-abyss-puppet-horror-fantasy/pica
10,https://www.indiegogo.com/projects/center-cam-finally-a-middle-screen-webcam--2/pica,Center Cam: Finally- a middle-screen webcam!,"https://c1.iggcdn.com/indiegogo-media-prod-cld/image/upload/c_fill,f_auto,h_273,w_273/kynagkdcekwvbctpmbgn.jpg",Center Cam is an adjustable webcam that operates in the middle of your screen.,CAMERA GEAR,"$729,736 ",USD raised,702%,https://www.indiegogo.com/projects/center-cam-finally-a-middle-screen-webcam--2/pica
11,https://www.indiegogo.com/projects/cinema-now-a-short-experimental-doc-about-cinema/pica,Cinema Now: A Short Experimental Doc about Cinema,"https://c1.iggcdn.com/indiegogo-media-prod-cld/image/upload/c_fill,f_auto,h_273,w_273/qmpk9rmrtzd9gnh5rdlv.jpg","A fragmented collection of closed cinemas in London during lockdown, captured on Super 8mm film.",FILM,£800 ,GBP raised,53%,https://www.indiegogo.com/projects/cinema-now-a-short-experimental-doc-about-cinema/pica
12,https://www.indiegogo.com/projects/cinema-now-a-short-experimental-doc-about-cinema/pica,Cinema Now: A Short Experimental Doc about Cinema,"https://c1.iggcdn.com/indiegogo-media-prod-cld/image/upload/c_fill,f_auto,h_273,w_273/qmpk9rmrtzd9gnh5rdlv.jpg","A fragmented collection of closed cinemas in London during lockdown, captured on Super 8mm film.",FILM,£800 ,GBP raised,53%,https://www.indiegogo.com/projects/cinema-now-a-short-experimental-doc-about-cinema/pica
13,https://www.indiegogo.com/projects/detroit-reawakening-a-detroit-become-human-short/pica,DETROIT REAWAKENING: A Detroit Become Human Short,"https://c1.iggcdn.com/indiegogo-media-prod-cld/image/upload/c_fill,f_auto,h_273,w_273/y2kvwcafhrkqqmfgv8zc.jpg",Help Octopunk Media remake the queer fan film that brought us all together.,FILM,"$30,163 ",USD raised,302%,https://www.indiegogo.com/projects/detroit-reawakening-a-detroit-become-human-short/pica
14,https://www.indiegogo.com/projects/onexplayer-best-performing-handheld-game-console/pica,ONEXPLAYER: Best Performing Handheld Game Console,"https://c1.iggcdn.com/indiegogo-media-prod-cld/image/upload/c_fill,f_auto,h_273,w_273/odtzfxzqe0vyacnhdphw.jpg","8.4 Inch 2.5K IPS Screen, Supreme Performance, Ultimate Experience | Best Performing Game Console.",PRODUCTIVITY,"$14,264,440 ",HKD raised,"7,132%",https://www.indiegogo.com/projects/onexplayer-best-performing-handheld-game-console/pica
15,https://www.indiegogo.com/projects/the-lifeguards-film/pica,The Lifeguards Film,"https://c1.iggcdn.com/indiegogo-media-prod-cld/image/upload/c_fill,f_auto,h_273,w_273/u5q1e1baxs9ctpwgeth1.jpg",Ellen Olis's SCAD Senior Thesis Film,FILM,"$1,570 ",USD raised,31%,https://www.indiegogo.com/projects/the-lifeguards-film/pica
16,https://www.indiegogo.com/projects/revolutionizing-sports-safety-and-training/pica,Revolutionizing sports safety and training,"https://c1.iggcdn.com/indiegogo-media-prod-cld/image/upload/c_fill,f_auto,h_273,w_273/ahlt81c19ksoinshgkr4.jpg",Join us in reducing concussions and improving youth athletics with tech.,TECH & INNOVATION,"$2,550 ",USD raised,51%,https://www.indiegogo.com/projects/revolutionizing-sports-safety-and-training/pica
17,https://www.indiegogo.com/projects/cimino-home-transform-your-bedroom/pica,CIMINO HOME: Transform Your Bedroom,"https://c1.iggcdn.com/indiegogo-media-prod-cld/image/upload/c_fill,f_auto,h_273,w_273/qrpt0xzmfr27hv2lgclw.jpg",Bedding Collection in High-Performance Cotton Percale Designed to Transform Your Bedroom,HOME,"$13,752 ",USD raised,138%,https://www.indiegogo.com/projects/cimino-home-transform-your-bedroom/pica
18,https://www.indiegogo.com/projects/lomi-turn-waste-to-compost-with-a-single-button/pica,Lomi: Turn Waste To Compost With A Single Button,"https://c1.iggcdn.com/indiegogo-media-prod-cld/image/upload/c_fill,f_auto,h_273,w_273/r1cnz1tkrt9tyc6f4kkn.jpg",Food waste is gross. It's time for a change.,ENERGY & GREEN TECH,"$6,414,248 ",USD raised,"12,828%",https://www.indiegogo.com/projects/lomi-turn-waste-to-compost-with-a-single-button/pica
19,https://www.indiegogo.com/projects/ladies-night/pica,Ladies Night,"https://c1.iggcdn.com/indiegogo-media-prod-cld/image/upload/c_fill,f_auto,h_273,w_273/lcqhjktintvukurjz2wf.jpg","1981, NYC. Six drag queens grapple with being queer, when one of them gets caught in a new threat.",FILM,"$3,383 ",USD raised,25%,https://www.indiegogo.com/projects/ladies-night/pica
20,https://www.indiegogo.com/projects/cool-comfy-shoes-easy-on-you-and-the-planet/pica,Cool Comfy Shoes easy on You and the Planet,"https://c1.iggcdn.com/indiegogo-media-prod-cld/image/upload/c_fill,f_auto,h_273,w_273/thcwjzfxh6kwekxa1jpz.jpg","Introducing Nuven, a new category of super comfortable casual shoes.",FASHION & WEARABLES,"€62,162 ",EUR raised,622%,https://www.indiegogo.com/projects/cool-comfy-shoes-easy-on-you-and-the-planet/pica
21,https://www.indiegogo.com/projects/bird-buddy-a-smart-bird-feeder/pica,Bird Buddy: A Smart Bird Feeder,"https://c1.iggcdn.com/indiegogo-media-prod-cld/image/upload/c_fill,f_auto,h_273,w_273/xd6nb41zdgvpzfcm5omb.jpg","Notifies you of bird visitors, captures their photos and organizes them in a beautiful collection.",HOME,"$7,853,247 ",USD raised,"10,186%",https://www.indiegogo.com/projects/bird-buddy-a-smart-bird-feeder/pica
22,https://www.indiegogo.com/projects/giant-sky-on-vinyl/pica,GIANT SKY ON VINYL,"https://c1.iggcdn.com/indiegogo-media-prod-cld/image/upload/c_fill,f_auto,h_273,w_273/tkn14nm0zb1yllhqbb6n.jpg",Want your name in the liner notes of the lush vinyl edition of the Giant Sky album? Make it happen.,MUSIC,"Kr 19,800 ",NOK raised,66%,https://www.indiegogo.com/projects/giant-sky-on-vinyl/pica
23,https://www.indiegogo.com/projects/world-s-smallest-cardiovascular-tester-icare/pica,World’s Smallest Cardiovascular Tester - iCARE!,"https://c1.iggcdn.com/indiegogo-media-prod-cld/image/upload/c_fill,f_auto,h_273,w_273/s1ky2fbhufgajbzk0zh2.jpg","Reads your key 15 bio-signs easily, also can track Blood Pressure, ECG, Blood Oxygen Level, etc.",HEALTH & FITNESS,"$544,844 ",USD raised,"7,197%",https://www.indiegogo.com/projects/world-s-smallest-cardiovascular-tester-icare/pica
24,https://www.indiegogo.com/projects/joyfous-retractable-rolling-shower-screen--2/pica,JoyFous Retractable Rolling Shower Screen,"https://c1.iggcdn.com/indiegogo-media-prod-cld/image/upload/c_fill,f_auto,h_273,w_273/tfbos3rhqcqdnntma69t.jpg",Fits 3 wall tubs. Wet-dry separation. Space-saving. Mold-proof. Drill-free installation. 10-year use,HOME,"$170,831 ",USD raised,"1,708%",https://www.indiegogo.com/projects/joyfous-retractable-rolling-shower-screen--2/pica
25,https://www.indiegogo.com/projects/joyfous-retractable-rolling-shower-screen--2/pica,JoyFous Retractable Rolling Shower Screen,"https://c1.iggcdn.com/indiegogo-media-prod-cld/image/upload/c_fill,f_auto,h_273,w_273/tfbos3rhqcqdnntma69t.jpg",Fits 3 wall tubs. Wet-dry separation. Space-saving. Mold-proof. Drill-free installation. 10-year use,HOME,"$170,831 ",USD raised,"1,708%",https://www.indiegogo.com/projects/joyfous-retractable-rolling-shower-screen--2/pica
26,https://www.indiegogo.com/projects/blusaigon-mother-of-pearl-legacy-pen-collection/pica,BLUSAIGON Mother of Pearl Legacy Pen Collection,"https://c1.iggcdn.com/indiegogo-media-prod-cld/image/upload/c_fill,f_auto,h_273,w_273/txnka1hiv4yfg8osfjjb.jpg","Treasure Of The Sea. The Handcrafted, Luxury Pens You Can Hold Forever.",PRODUCTIVITY,"$13,233 ",USD raised,265%,https://www.indiegogo.com/projects/blusaigon-mother-of-pearl-legacy-pen-collection/pica
27,https://www.indiegogo.com/projects/pastoralists-to-permaculture-maasai-food-security--2/pica,Pastoralists to Permaculture: Maasai Food Security,"https://c1.iggcdn.com/indiegogo-media-prod-cld/image/upload/c_fill,f_auto,h_273,w_273/szktt2ewub4qrbru4aoz.jpg",Campaign Goal: Install elephant resistant fencing at Shamba Darasa Permaculture & Demonstration Farm,COMMUNITY PROJECTS,$985 ,CAD raised,7%,https://www.indiegogo.com/projects/pastoralists-to-permaculture-maasai-food-security--2/pica
28,https://www.indiegogo.com/projects/between-pro-the-best-sounding-wireless-earbuds/pica,Between Pro: The best-sounding wireless earbuds.,"https://c1.iggcdn.com/indiegogo-media-prod-cld/image/upload/c_fill,f_auto,h_273,w_273/jovoxk9y6nb4riob0cti.jpg","World-first triple driver earbuds. Industry-leading battery life, technology & ergonomics.",AUDIO,"$1,268,485 ",USD raised,"6,583%",https://www.indiegogo.com/projects/between-pro-the-best-sounding-wireless-earbuds/pica
29,https://www.indiegogo.com/projects/trigger-point-rocker-feel-good-build-muscle/pica,Trigger Point Rocker: Feel Good & Build Muscle,"https://c1.iggcdn.com/indiegogo-media-prod-cld/image/upload/c_fill,f_auto,h_273,w_273/plxqhfldvsygocadsn55.jpg","Developed by Dr. Aaron Fu based on 1000s of screaming backs, necks & shoulders. Happiness Guarantee✅",HEALTH & FITNESS,"$1,523,703 ",USD raised,"24,729%",https://www.indiegogo.com/projects/trigger-point-rocker-feel-good-build-muscle/pica
30,https://www.indiegogo.com/projects/tempmi-the-world-s-smallest-tritium-thermometer/pica,TEMPMi - The World’s Smallest Tritium Thermometer,"https://c1.iggcdn.com/indiegogo-media-prod-cld/image/upload/c_fill,f_auto,h_273,w_273/allqsyi9mqmhovtw43jk.jpg",Contactless Measurement | Compact | Tritium | App Tracking | Measure for all | Android & iOS,HEALTH & FITNESS,"$958,380 ",HKD raised,"3,828%",https://www.indiegogo.com/projects/tempmi-the-world-s-smallest-tritium-thermometer/pica
31,https://www.indiegogo.com/projects/sensitive-men-rising-the-documentary--2/pica,Sensitive Men Rising-The Documentary,"https://c1.iggcdn.com/indiegogo-media-prod-cld/image/upload/c_fill,f_auto,h_273,w_273/c5h7sqpyf7ufthhnrqzm.jpg","This campaign is for the documentary film Sensitive Men Rising, the first film about sensitive men",FILM,"$1,227 ",USD raised,5%,https://www.indiegogo.com/projects/sensitive-men-rising-the-documentary--2/pica
32,https://www.indiegogo.com/projects/cnc-one-the-easiest-way-to-start-cnc-machining/pica,CNC ONE: The Easiest Way to Start CNC Machining,"https://c1.iggcdn.com/indiegogo-media-prod-cld/image/upload/c_fill,f_auto,h_273,w_273/cygrklhy2szmhd6bxf7s.jpg","Mill metal, wood and acrylics with quality CNC machines made in Germany",PRODUCTIVITY,"€291,838 ",EUR raised,532%,https://www.indiegogo.com/projects/cnc-one-the-easiest-way-to-start-cnc-machining/pica
33,https://www.indiegogo.com/projects/masseria-chicerro/pica,Masseria Chicerro,"https://c1.iggcdn.com/indiegogo-media-prod-cld/image/upload/c_fill,f_auto,h_273,w_273/wienjs8qkr1jjew4rndv.jpg",Have you ever wanted to live in Italy for a little while?,LOCAL BUSINESSES,€700 ,EUR raised,4%,https://www.indiegogo.com/projects/masseria-chicerro/pica
34,https://www.indiegogo.com/projects/trundle-and-the-lost-borscht-of-atlantis/pica,Trundle and the Lost Borscht of Atlantis,"https://c1.iggcdn.com/indiegogo-media-prod-cld/image/upload/c_fill,f_auto,h_273,w_273/niyntmtr0phljdcrw3zg.jpg","An inspiring film about chasing dreams, finding love, and sweating borscht #astarisborscht",FILM,"$1,280 ",USD raised,6%,https://www.indiegogo.com/projects/trundle-and-the-lost-borscht-of-atlantis/pica
35,https://www.indiegogo.com/projects/chicago-love/pica,Chicago Love,"https://c1.iggcdn.com/indiegogo-media-prod-cld/image/upload/c_fill,f_auto,h_273,w_273/hwv0uhkogqk0dat6onk4.jpg",A new documentary directed by Cary Cronenwett.,FILM,"$2,760 ",USD raised,28%,https://www.indiegogo.com/projects/chicago-love/pica
36,https://www.indiegogo.com/projects/zo-noe-a-bilingual-story/pica,Zo & Noé: a bilingual story,"https://c1.iggcdn.com/indiegogo-media-prod-cld/image/upload/c_fill,f_auto,h_273,w_273/jd93dr8bjsmolwll1tnu.jpg",An English & French Bilingual children's book that teaches languages through stories.,WRITING & PUBLISHING,"$6,045 ",USD raised,120%,https://www.indiegogo.com/projects/zo-noe-a-bilingual-story/pica
37,https://www.indiegogo.com/projects/fitnek-pillow-say-goodbye-to-sleepless-nights/pica,FitNek Pillow: Say Goodbye to Sleepless Nights,"https://c1.iggcdn.com/indiegogo-media-prod-cld/image/upload/c_fill,f_auto,h_273,w_273/su8hakh4a8gqlrvif6tu.jpg",Just a pillow. But cooler. Much MUCH Cooler.,HOME,"$378,338 ",USD raised,"14,197%",https://www.indiegogo.com/projects/fitnek-pillow-say-goodbye-to-sleepless-nights/pica
38,https://www.indiegogo.com/projects/fitnek-pillow-say-goodbye-to-sleepless-nights/pica,FitNek Pillow: Say Goodbye to Sleepless Nights,"https://c1.iggcdn.com/indiegogo-media-prod-cld/image/upload/c_fill,f_auto,h_273,w_273/su8hakh4a8gqlrvif6tu.jpg",Just a pillow. But cooler. Much MUCH Cooler.,HOME,"$378,338 ",USD raised,"14,197%",https://www.indiegogo.com/projects/fitnek-pillow-say-goodbye-to-sleepless-nights/pica
39,https://www.indiegogo.com/projects/nightbuds-smart-earbuds-for-better-sleep/pica,NightBuds - smart earbuds for better sleep,"https://c1.iggcdn.com/indiegogo-media-prod-cld/image/upload/c_fill,f_auto,h_273,w_273/iwgs2biwt3svwiq2ax1x.jpg",Experience sleep like never before - intelligent audio to help you improve and enjoy your sleep,HEALTH & FITNESS,"$1,908,699 ",USD raised,"3,390%",https://www.indiegogo.com/projects/nightbuds-smart-earbuds-for-better-sleep/pica
40,https://www.indiegogo.com/projects/short-film-i-m-finding-it-hard-to-focus-today/pica,Short Film - I'm Finding it Hard to Focus Today,"https://c1.iggcdn.com/indiegogo-media-prod-cld/image/upload/c_fill,f_auto,h_273,w_273/dezedoq6g2lputp9nk8k.jpg",An international student production team trying to put their mark in film festivals!,FILM,£85 ,GBP raised,17%,https://www.indiegogo.com/projects/short-film-i-m-finding-it-hard-to-focus-today/pica
41,https://www.indiegogo.com/projects/a-place-in-hell--2/pica,A Place in Hell,"https://c1.iggcdn.com/indiegogo-media-prod-cld/image/upload/c_fill,f_auto,h_273,w_273/yx7hidmfp9cyk1l9uf71.jpg",A thriller short film that starts with a hitchhiker and ends with a twist!,FILM,"$1,200 ",CAD raised,100%,https://www.indiegogo.com/projects/a-place-in-hell--2/pica
42,https://www.indiegogo.com/projects/idolcon-2021-fundraising/pica,IdolCon 2021 Fundraising,"https://c1.iggcdn.com/indiegogo-media-prod-cld/image/upload/c_fill,f_auto,h_273,w_273/molctg7pm4l0k1oighdy.jpg",IdolCon is a non-profit convention focusing on spotlighting global idol culture in a virtual space.,COMMUNITY PROJECTS,"$2,805 ",USD raised,56%,https://www.indiegogo.com/projects/idolcon-2021-fundraising/pica
43,https://www.indiegogo.com/projects/luteal-a-short-film-about-waiting/pica,Luteal : A short film about waiting,"https://c1.iggcdn.com/indiegogo-media-prod-cld/image/upload/c_fill,f_auto,h_273,w_273/rlvedfmxpzcf8vat1ke1.jpg",How we wait is often how we cope. What do you do with the spaces in-between?,FILM,"$9,820 ",USD raised,98%,https://www.indiegogo.com/projects/luteal-a-short-film-about-waiting/pica
44,https://www.indiegogo.com/projects/mativ-the-ultimate-interactive-workout-mat--2/pica,"MATIV, the Ultimate Interactive Workout Mat","https://c1.iggcdn.com/indiegogo-media-prod-cld/image/upload/c_fill,f_auto,h_273,w_273/iqfsnyptnwuflmaaxyn4.jpg",The 1st multi-fitness smart mat that uses AI algorithm and sensors to analyze real-time workout data,HEALTH & FITNESS,"$204,459 ",USD raised,"2,041%",https://www.indiegogo.com/projects/mativ-the-ultimate-interactive-workout-mat--2/pica
45,https://www.indiegogo.com/projects/ecoflow-delta-pro/coming_soon/pica,EcoFlow DELTA Pro: The Portable Home Battery,"https://c1.iggcdn.com/indiegogo-media-prod-cld/image/upload/c_fill,f_auto,h_273,w_273/arvslh8vxyfwi0vafmu6.jpg",Store energy for home backup (3-25kWh). Save on your electricity bills. Take power anywhere.,ENERGY & GREEN TECH,,,,https://www.indiegogo.com/projects/ecoflow-delta-pro/coming_soon/pica
46,https://www.indiegogo.com/projects/powerben-world-s-first-pd200w-input-powerbank--2/pica,"PowerBen,World’s First PD200W Input Powerbank","https://c1.iggcdn.com/indiegogo-media-prod-cld/image/upload/c_fill,f_auto,h_273,w_273/dnkq2lto4bdtm5rk38bd.jpg","Charge 96% in 20mins| DC360W Output丨2*USB-C, 2*USB-A, 2*DC丨Airline Safe | CPAP,Laptop, GoPro, E-Bike",ENERGY & GREEN TECH,"$129,449 ",USD raised,"1,294%",https://www.indiegogo.com/projects/powerben-world-s-first-pd200w-input-powerbank--2/pica
47,https://www.indiegogo.com/projects/colombian-specialty-coffee-for-biodiversity/pica,Colombian Specialty Coffee for Biodiversity,"https://c1.iggcdn.com/indiegogo-media-prod-cld/image/upload/c_fill,f_auto,h_273,w_273/azzzgvuzhvi0naldz0so.jpg",Regenerate the planet by drinking one of the best coffees on Earth and empower indigenous farmers.,FOOD & BEVERAGES,"€3,014 ",EUR raised,15%,https://www.indiegogo.com/projects/colombian-specialty-coffee-for-biodiversity/pica
48,https://www.indiegogo.com/projects/s-pot-the-engine-behind-your-plant-s-bloom/pica,s-pot: The Engine Behind Your Plant's Bloom,"https://c1.iggcdn.com/indiegogo-media-prod-cld/image/upload/c_fill,f_auto,h_273,w_273/v7c2nvizvdbkldmjsxot.jpg","Auto-watering system, Samsung horticulture LED light & other intelligent gardening features",HOME,"$40,336 ",USD raised,403%,https://www.indiegogo.com/projects/s-pot-the-engine-behind-your-plant-s-bloom/pica
49,https://www.indiegogo.com/projects/the-secret-of-delicious-coffee-the-brewing-guide/pica,The Secret of Delicious Coffee - The Brewing Guide,"https://c1.iggcdn.com/indiegogo-media-prod-cld/image/upload/c_fill,f_auto,h_273,w_273/jctulxua1xyzzkm1yqqx.jpg",The world's first coffee recipe card deck designed to give back to the coffee community.,FOOD & BEVERAGES,"$20,068 ",USD raised,417%,https://www.indiegogo.com/projects/the-secret-of-delicious-coffee-the-brewing-guide/pica
50,https://www.indiegogo.com/projects/re-open-bipoc-worker-owned-yoga-studio/pica,Re-open BIPOC Worker-Owned Yoga Studio,"https://c1.iggcdn.com/indiegogo-media-prod-cld/image/upload/c_fill,f_auto,h_273,w_273/jbbqzkdq8tluxzx1jwjg.jpg","Help us secure a space to do our work of mindfulness, social justice, & public health. #BIPOCyogis",WELLNESS,$105 ,USD raised,0%,https://www.indiegogo.com/projects/re-open-bipoc-worker-owned-yoga-studio/pica
51,https://www.indiegogo.com/projects/re-open-bipoc-worker-owned-yoga-studio/pica,Re-open BIPOC Worker-Owned Yoga Studio,"https://c1.iggcdn.com/indiegogo-media-prod-cld/image/upload/c_fill,f_auto,h_273,w_273/jbbqzkdq8tluxzx1jwjg.jpg","Help us secure a space to do our work of mindfulness, social justice, & public health. #BIPOCyogis",WELLNESS,$105 ,USD raised,0%,https://www.indiegogo.com/projects/re-open-bipoc-worker-owned-yoga-studio/pica
52,https://www.indiegogo.com/projects/the-story-of-the-nutcracker-documentary/pica,The Story of the Nutcracker Documentary,"https://c1.iggcdn.com/indiegogo-media-prod-cld/image/upload/c_fill,f_auto,h_273,w_273/jz8updfendviwncbqjk1.jpg",A dance studio overcomes challenges of the COVID-19 pandemic to present their holiday production,FILM,"$5,153 ",USD raised,57%,https://www.indiegogo.com/projects/the-story-of-the-nutcracker-documentary/pica
53,https://www.indiegogo.com/projects/pepper-cannon-the-pepper-mill-for-pepper-lovers/pica,Pepper Cannon: The Pepper Mill for Pepper Lovers,"https://c1.iggcdn.com/indiegogo-media-prod-cld/image/upload/c_fill,f_auto,h_273,w_273/zvxwonb0z6956szcvtfe.jpg",Pepper your steak in 7 cranks instead of 70.,HOME,"$2,124,964 ",USD raised,"11,047%",https://www.indiegogo.com/projects/pepper-cannon-the-pepper-mill-for-pepper-lovers/pica
54,https://www.indiegogo.com/projects/fiendish-chapter-1-demons/pica,FIENDISH: Chapter 1: Demons,"https://c1.iggcdn.com/indiegogo-media-prod-cld/image/upload/c_fill,f_auto,h_273,w_273/fucmivqkn74dnhr3vb97.jpg",A comic about the mysteries that lurk between the dimensions- for fans of manga and dark fantasy!,COMICS,"$19,452 ",USD raised,697%,https://www.indiegogo.com/projects/fiendish-chapter-1-demons/pica
55,https://www.indiegogo.com/projects/six-gun-gorilla-cemetery-without-crosses--2/pica,SIX-GUN GORILLA: CEMETERY WITHOUT CROSSES,"https://c1.iggcdn.com/indiegogo-media-prod-cld/image/upload/c_fill,f_auto,h_273,w_273/v6dqgiy0vfkimn0d2ymm.jpg","The Old West's Strangest, Most Startling Hero Faces His Greatest Peril Yet!",COMICS,"$5,730 ",USD raised,191%,https://www.indiegogo.com/projects/six-gun-gorilla-cemetery-without-crosses--2/pica
56,https://www.indiegogo.com/projects/e-knee-your-customized-intelligent-knee-support--2/pica,E-Knee: Your Customized Intelligent Knee Support,"https://c1.iggcdn.com/indiegogo-media-prod-cld/image/upload/c_fill,f_auto,h_273,w_273/nqfqq0yhwio8nakl9wfw.jpg",Custom Size | Real-time Support | Never Fall Off,FASHION & WEARABLES,"$1,685,384 ",HKD raised,"1,078%",https://www.indiegogo.com/projects/e-knee-your-customized-intelligent-knee-support--2/pica
57,https://www.indiegogo.com/projects/incharge-x-the-100w-swiss-army-knife-of-cables/pica,inCharge X - The 100W Swiss Army Knife of Cables,"https://c1.iggcdn.com/indiegogo-media-prod-cld/image/upload/c_fill,f_auto,h_273,w_273/qghi9vqbp9l6dvvv9sux.jpg","The most crowdfunded cable EVER is back! Tiny, Universal, Ultra Powerful keyring cable.",PHONES & ACCESSORIES,"€593,469 ",EUR raised,"4,921%",https://www.indiegogo.com/projects/incharge-x-the-100w-swiss-army-knife-of-cables/pica
58,https://www.indiegogo.com/projects/the-smallest-240w-laptop-charger-with-pd-3-0/pica,The Smallest 240W Laptop Charger with PD 3.0,"https://c1.iggcdn.com/indiegogo-media-prod-cld/image/upload/c_fill,f_auto,h_273,w_273/mtsitf6ozigmpjsmzxpe.jpg","The 240W GaN charger is the new addition to SlimQ GaN mini charger series, from 30W to 240W",PHONES & ACCESSORIES,"$70,780 ",USD raised,708%,https://www.indiegogo.com/projects/the-smallest-240w-laptop-charger-with-pd-3-0/pica
59,https://www.indiegogo.com/projects/cuddy-the-best-portable-composting-toilet/pica,"Cuddy, the best portable composting toilet","https://c1.iggcdn.com/indiegogo-media-prod-cld/image/upload/c_fill,f_auto,h_273,w_273/bmasb3c0eo8oyxloncrx.jpg",Going greener has never been easier.,TRAVEL & OUTDOORS,"$130,307 ",USD raised,130%,https://www.indiegogo.com/projects/cuddy-the-best-portable-composting-toilet/pica
60,https://www.indiegogo.com/projects/the-book--28/pica,The Book,"https://c1.iggcdn.com/indiegogo-media-prod-cld/image/upload/c_fill,f_auto,h_273,w_273/d7tln1i9lmwwpmamrla9.jpg",The Ultimate Guide To Rebuilding A Civilization. Over 400 pages of detailed illustrations.,WRITING & PUBLISHING,"$2,596,776 ",USD raised,"29,334%",https://www.indiegogo.com/projects/the-book--28/pica
61,https://www.indiegogo.com/projects/ninebot-kickscooter-f-series-function-fashion-fun/pica,Ninebot KickScooter F Series: Function Fashion Fun,"https://c1.iggcdn.com/indiegogo-media-prod-cld/image/upload/c_fill,f_auto,h_273,w_273/hrvt2j2bcylieq33adfl.jpg",18.6 mph* Top Speed | 25-Mile* Max Range | 20%* Hill Grade | 10-inch Pneumatic Tire | 3 Riding Modes,TRANSPORTATION,"$141,019 ",USD raised,"1,410%",https://www.indiegogo.com/projects/ninebot-kickscooter-f-series-function-fashion-fun/pica
62,https://www.indiegogo.com/projects/the-couch-console/pica,The Couch Console,"https://c1.iggcdn.com/indiegogo-media-prod-cld/image/upload/c_fill,f_auto,h_273,w_273/urdkd1ec5tcdkc2qln2i.jpg","Cupholder, snack cup, phone stand, charging dock, remote tray, storage. All in a modular pack",HOME,"$2,657,785 ",USD raised,"15,867%",https://www.indiegogo.com/projects/the-couch-console/pica
63,https://www.indiegogo.com/projects/return-of-the-living-dead-ready-to-party/pica,Return of the Living Dead: Ready to Party!,"https://c1.iggcdn.com/indiegogo-media-prod-cld/image/upload/c_fill,f_auto,h_273,w_273/zq3ueud4tudyznddgwtw.jpg","Help fund the website for official merch, new movie updates and more!",FILM,"$40,845 ",USD raised,355%,https://www.indiegogo.com/projects/return-of-the-living-dead-ready-to-party/pica
64,https://www.indiegogo.com/projects/return-of-the-living-dead-ready-to-party/pica,Return of the Living Dead: Ready to Party!,"https://c1.iggcdn.com/indiegogo-media-prod-cld/image/upload/c_fill,f_auto,h_273,w_273/zq3ueud4tudyznddgwtw.jpg","Help fund the website for official merch, new movie updates and more!",FILM,"$40,845 ",USD raised,355%,https://www.indiegogo.com/projects/return-of-the-living-dead-ready-to-party/pica
65,https://www.indiegogo.com/projects/helium--5/pica,Helium,"https://c1.iggcdn.com/indiegogo-media-prod-cld/image/upload/c_fill,f_auto,h_273,w_273/gon4dekoalbdbjchtdf0.jpg",Grumble Pup Theatre are bringing their debut show Helium to The Space in 2021!,DANCE & THEATER,£350 ,GBP raised,18%,https://www.indiegogo.com/projects/helium--5/pica
66,https://www.indiegogo.com/projects/kaiketsu/pica,Kaiketsu,"https://c1.iggcdn.com/indiegogo-media-prod-cld/image/upload/c_fill,f_auto,h_273,w_273/jowad0nb5nbx0rg959yj.jpg",After the death of his master a samurai goes on a quest of revenge in hopes of finding inner peace,FILM,"$4,915 ",USD raised,98%,https://www.indiegogo.com/projects/kaiketsu/pica
67,https://www.indiegogo.com/projects/gunship-thunderpunch-book-2-synthwave-album/pica,Gunship Thunderpunch Book 2 & Synthwave Album,"https://c1.iggcdn.com/indiegogo-media-prod-cld/image/upload/c_fill,f_auto,h_273,w_273/fdl33aiufeqgg7ly67kc.jpg","Martians took her son. Now her only hope is a convict, a hillbilly, and an old transforming gunship.",COMICS,"$20,889 ",USD raised,"4,178%",https://www.indiegogo.com/projects/gunship-thunderpunch-book-2-synthwave-album/pica
68,https://www.indiegogo.com/projects/pecron-s1500-most-compact-portable-power-station--2/pica,Pecron S1500: Most Compact Portable Power Station,"https://c1.iggcdn.com/indiegogo-media-prod-cld/image/upload/c_fill,f_auto,h_273,w_273/j7szkqf9qzndgs3txdd0.jpg",Compact Design / 1461.6Wh Capacity / 1500W Output / Super Fast Charging / 25lbs Smallest,ENERGY & GREEN TECH,"$110,064 ",USD raised,37%,https://www.indiegogo.com/projects/pecron-s1500-most-compact-portable-power-station--2/pica
69,https://www.indiegogo.com/projects/let-me-have-my-son-the-movie/pica,Let Me Have My Son - The Movie,"https://c1.iggcdn.com/indiegogo-media-prod-cld/image/upload/c_fill,f_auto,h_273,w_273/jdrxota3b6fmjqwiw2rh.jpg","A riveting, feature-length drama depicting a father's desperate search for his mentally ill son.",FILM,"$6,545 ",USD raised,13%,https://www.indiegogo.com/projects/let-me-have-my-son-the-movie/pica
70,https://www.indiegogo.com/projects/slow-high-performance-himalayan-hemp-jeans/pica,SLOW : High Performance Himalayan Hemp Jeans.,"https://c1.iggcdn.com/indiegogo-media-prod-cld/image/upload/c_fill,f_auto,h_273,w_273/erc03prti9vi2zxdcecd.jpg","Save 3500 liters of water | Sustainable Himalayan Hemp Jeans | Keep sweat, odor, and UV rays away",FASHION & WEARABLES,"$15,985 ",USD raised,137%,https://www.indiegogo.com/projects/slow-high-performance-himalayan-hemp-jeans/pica
71,https://www.indiegogo.com/projects/basic-test-campaign/pica,Basic Test Campaign,"https://c1.iggcdn.com/indiegogo-media-prod-cld/image/upload/c_fill,f_auto,h_273,w_273/hgfxxuqciyualwyje2fl.jpg",test,DANCE & THEATER,"$1,326,272 ",USD raised,"3,643%",https://www.indiegogo.com/projects/basic-test-campaign/pica
72,https://www.indiegogo.com/projects/macgregor-s-bar-goes-to-golspie/pica,MacGregor's Bar goes to Golspie,"https://c1.iggcdn.com/indiegogo-media-prod-cld/image/upload/c_fill,f_auto,h_273,w_273/t1x2gv0ftikhtw54poko.jpg",The multi-award winning MacGregor's Bar takes to the North Coast 500,FOOD & BEVERAGES,"£10,694 ",GBP raised,43%,https://www.indiegogo.com/projects/macgregor-s-bar-goes-to-golspie/pica
73,https://www.indiegogo.com/projects/catalyst-coffee-co/pica,Catalyst Coffee Co,"https://c1.iggcdn.com/indiegogo-media-prod-cld/image/upload/c_fill,f_auto,h_273,w_273/d6nsbrlivkfqqsyc5ihc.jpg",Bringing a Portland coffee flair to the wonderful city of Yakima.,LOCAL BUSINESSES,"$6,415 ",USD raised,43%,https://www.indiegogo.com/projects/catalyst-coffee-co/pica
74,https://www.indiegogo.com/projects/m-feature-film/pica,M: Feature Film,"https://c1.iggcdn.com/indiegogo-media-prod-cld/image/upload/c_fill,f_auto,h_273,w_273/qdzo1hvigvgylzliulke.jpg",A modernized version of Macbeth follows a rock band who navigates a night full of desire and magic.,FILM,"$1,755 ",USD raised,33%,https://www.indiegogo.com/projects/m-feature-film/pica
75,https://www.indiegogo.com/projects/sterilization-the-best-portable-disinfecting-unit/pica,"Sterilization,The Best Portable Disinfecting Unit","https://c1.iggcdn.com/indiegogo-media-prod-cld/image/upload/c_fill,f_auto,h_273,w_273/jxydqok3itie38r2m6af.jpg","A Portable &Powerful &Compact ,Natural Disinfecting Device,Chemical Free Ozone Sterilizer",HEALTH & FITNESS,"$7,528 ",HKD raised,188%,https://www.indiegogo.com/projects/sterilization-the-best-portable-disinfecting-unit/pica
76,https://www.indiegogo.com/projects/student-experimental-film--2/pica,Student Experimental Film,"https://c1.iggcdn.com/indiegogo-media-prod-cld/image/upload/c_fill,f_auto,h_273,w_273/tghv9bfq3enb2pihc5an.jpg",A short experimental film based on an original poem about self love and body image.,FILM,"$2,000 ",USD raised,100%,https://www.indiegogo.com/projects/student-experimental-film--2/pica
77,https://www.indiegogo.com/projects/student-experimental-film--2/pica,Student Experimental Film,"https://c1.iggcdn.com/indiegogo-media-prod-cld/image/upload/c_fill,f_auto,h_273,w_273/tghv9bfq3enb2pihc5an.jpg",A short experimental film based on an original poem about self love and body image.,FILM,"$2,000 ",USD raised,100%,https://www.indiegogo.com/projects/student-experimental-film--2/pica
78,https://www.indiegogo.com/projects/innocent-a-short-film/pica,INNOCENT - A short film,"https://c1.iggcdn.com/indiegogo-media-prod-cld/image/upload/c_fill,f_auto,h_273,w_273/d7nh84ybqa03q8hbwmzj.jpg",Daniel fears he's done something terrible...,FILM,£335 ,GBP raised,21%,https://www.indiegogo.com/projects/innocent-a-short-film/pica
79,https://www.indiegogo.com/projects/man-brows-a-short-film/pica,Man Brows - A Short Film,"https://c1.iggcdn.com/indiegogo-media-prod-cld/image/upload/c_fill,f_auto,h_273,w_273/nnhhb3aaawgm5c0nf5da.jpg","An Indian-American teen confronts his ""masculine"" insecurities when he gets his brows threaded.",FILM,"$1,555 ",USD raised,21%,https://www.indiegogo.com/projects/man-brows-a-short-film/pica
80,https://www.indiegogo.com/projects/kesh-s-table-in-your-town/pica,Kesh's Table In Your Town,"https://c1.iggcdn.com/indiegogo-media-prod-cld/image/upload/c_fill,f_auto,h_273,w_273/hyq8osbqfjo5dro2ixro.jpg",Itinerant Chef with a world of food coming to your town. Join the adventure.,FOOD & BEVERAGES,$547 ,USD raised,1%,https://www.indiegogo.com/projects/kesh-s-table-in-your-town/pica
81,https://www.indiegogo.com/projects/the-unmistakable-misery-of-the-spreadsheet/pica,The Unmistakable Misery of the Spreadsheet,"https://c1.iggcdn.com/indiegogo-media-prod-cld/image/upload/c_fill,f_auto,h_273,w_273/vw1ythsomaybkteyc2zr.jpg",A new short film capturing the search for work life balance.,FILM,$220 ,USD raised,7%,https://www.indiegogo.com/projects/the-unmistakable-misery-of-the-spreadsheet/pica
82,https://www.indiegogo.com/projects/el-efecto-darma/pica,El Efecto Darma,"https://c1.iggcdn.com/indiegogo-media-prod-cld/image/upload/c_fill,f_auto,h_273,w_273/qe0srgrlajf7h0kmn0lv.jpg","Una película sobre el cine, el amor y los sueños.",FILM,"€7,920 ",EUR raised,40%,https://www.indiegogo.com/projects/el-efecto-darma/pica
83,https://www.indiegogo.com/projects/poopail-world-s-best-2-in-1-solution-for-dog-poop/pica,PooPail: World’s best 2-in-1 solution for dog poop,"https://c1.iggcdn.com/indiegogo-media-prod-cld/image/upload/c_fill,f_auto,h_273,w_273/risovyggukaecd0cafyh.jpg","Pick up and store your dog's waste for up to a week! No smell, no hassle. No more poopy days!",HOME,"$509,827 ",USD raised,"9,277%",https://www.indiegogo.com/projects/poopail-world-s-best-2-in-1-solution-for-dog-poop/pica
84,https://www.indiegogo.com/projects/foreign-language-phrasebooks-with-spoken-audio/pica,Foreign Language Phrasebooks with Spoken Audio,"https://c1.iggcdn.com/indiegogo-media-prod-cld/image/upload/c_fill,f_auto,h_273,w_273/fe9pg90uklcwqohkfqic.jpg","Hear every word and phrase you read, spoken by native speakers, without downloading an app.",EDUCATION,$292 ,CAD raised,58%,https://www.indiegogo.com/projects/foreign-language-phrasebooks-with-spoken-audio/pica
85,https://www.indiegogo.com/projects/turbohub-world-s-fastest-ssd-6-in-1-usb-c-hub/pica,TurboHub: World’s Fastest SSD & 6-in-1 USB-C Hub,"https://c1.iggcdn.com/indiegogo-media-prod-cld/image/upload/c_fill,f_auto,h_273,w_273/db2hq1q6mkwggxavdykr.jpg",4TB SSD + Thunderbolt 3 + USB 3.1 Gen2 + USB Gen 3.1+ HDMI 2.0 + SD UHS-II + 1000Mbps Ethernet,PHONES & ACCESSORIES,"$8,560,926 ",HKD raised,"6,898%",https://www.indiegogo.com/projects/turbohub-world-s-fastest-ssd-6-in-1-usb-c-hub/pica
86,https://www.indiegogo.com/projects/scoutpro-240w-powerbank-fits-in-your-back-pocket/pica,"ScoutPro 240w Powerbank, Fits In Your Back Pocket","https://c1.iggcdn.com/indiegogo-media-prod-cld/image/upload/c_fill,f_auto,h_273,w_273/ctaqun9cutp95aqtf1mr.jpg","200w PD laptop / phone / tablet fast charging. 100w PPS, MagSafe, Apple & Samsung Watch charging.",ENERGY & GREEN TECH,"$520,352 ",USD raised,"4,948%",https://www.indiegogo.com/projects/scoutpro-240w-powerbank-fits-in-your-back-pocket/pica
87,https://www.indiegogo.com/projects/keepods-keeps-your-earbuds-secure-no-matter-what/pica,"Keepods: Keeps Your Earbuds Secure, No Matter What","https://c1.iggcdn.com/indiegogo-media-prod-cld/image/upload/c_fill,f_auto,h_273,w_273/mmkuisnt88vfi0ltfvcn.jpg","Do you love exercising, but hate when your earbuds fall out? Now, there's a better way...",HEALTH & FITNESS,"$264,003 ",USD raised,"2,240%",https://www.indiegogo.com/projects/keepods-keeps-your-earbuds-secure-no-matter-what/pica
88,https://www.indiegogo.com/projects/time-cop-a-love-letter-to-80-s-action/pica,TIME COP - A Love Letter to 80's Action,"https://c1.iggcdn.com/indiegogo-media-prod-cld/image/upload/c_fill,f_auto,h_273,w_273/ysvuukf8fscdsmzf81r3.jpg","Time Cop is a labor of love. 2 heroes face Uncle Tony; part mob-boss, part druglord, part Pizza-man.",FILM,"$6,724 ",USD raised,45%,https://www.indiegogo.com/projects/time-cop-a-love-letter-to-80-s-action/pica
89,https://www.indiegogo.com/projects/glo-most-efficient-portable-4k-wireless-monitor/pica,Glo:Most Efficient Portable 4k wireless Monitor,"https://c1.iggcdn.com/indiegogo-media-prod-cld/image/upload/c_fill,f_auto,h_273,w_273/dk7jugj2s0qcpad7gooz.jpg","144Hz Refresh Rate,1ms Response Time,WirelessHD connection,24 Hours Battery life,4K UHD,ZERO latency",PRODUCTIVITY,"$93,787 ",USD raised,"1,801%",https://www.indiegogo.com/projects/glo-most-efficient-portable-4k-wireless-monitor/pica
90,https://www.indiegogo.com/projects/glo-most-efficient-portable-4k-wireless-monitor/pica,Glo:Most Efficient Portable 4k wireless Monitor,"https://c1.iggcdn.com/indiegogo-media-prod-cld/image/upload/c_fill,f_auto,h_273,w_273/dk7jugj2s0qcpad7gooz.jpg","144Hz Refresh Rate,1ms Response Time,WirelessHD connection,24 Hours Battery life,4K UHD,ZERO latency",PRODUCTIVITY,"$93,787 ",USD raised,"1,801%",https://www.indiegogo.com/projects/glo-most-efficient-portable-4k-wireless-monitor/pica
91,https://www.indiegogo.com/projects/the-hypercube/pica,The HyperCube,"https://c1.iggcdn.com/indiegogo-media-prod-cld/image/upload/c_fill,f_auto,h_273,w_273/lnvmaoxbcnskbv9rnbxt.jpg","Sound reactive, app-enabled, hyper-chromatic art that will transport you to another dimension",HOME,"$759,740 ",USD raised,136%,https://www.indiegogo.com/projects/the-hypercube/pica
92,https://www.indiegogo.com/projects/ever-forward-club-the-adventure-card-game/pica,Ever Forward Club: The Adventure Card Game,"https://c1.iggcdn.com/indiegogo-media-prod-cld/image/upload/c_fill,f_auto,h_273,w_273/wmpkckgkvuiu6ifevtj7.jpg",Support this global movement of connection & belonging by launching this adventure card game!,TABLETOP GAMES,"$4,055 ",USD raised,41%,https://www.indiegogo.com/projects/ever-forward-club-the-adventure-card-game/pica
93,https://www.indiegogo.com/projects/leoway-2wd-escooter-lightest-powerful-safely/pica,"LEOWAY 2WD eScooter - Lightest, Powerful, Safely!","https://c1.iggcdn.com/indiegogo-media-prod-cld/image/upload/c_fill,f_auto,h_273,w_273/dsfzjojizpys9zxf0eyq.jpg","Dual-Motor: 2x350W, GE-20km/h, EU-25km/h, US-28mph, 90km/56miles, 18kg/40lbs, 721(491+230)Wh, 10inch",TRANSPORTATION,"€87,217 ",EUR raised,514%,https://www.indiegogo.com/projects/leoway-2wd-escooter-lightest-powerful-safely/pica
94,https://www.indiegogo.com/projects/smack/pica,Smack,"https://c1.iggcdn.com/indiegogo-media-prod-cld/image/upload/c_fill,f_auto,h_273,w_273/foiznie4abouhuvegtca.jpg","""I wasn't addicted to the drug. I was addicted to you.""",FILM,"$6,737 ",USD raised,45%,https://www.indiegogo.com/projects/smack/pica
95,https://www.indiegogo.com/projects/the-coin-a-short-film-road-to-feature/pica,The Coin - A Short Film -Road to Feature,"https://c1.iggcdn.com/indiegogo-media-prod-cld/image/upload/c_fill,f_auto,h_273,w_273/astykb42wtikfdojzv5z.jpg",A girl in a broken home with a broken heart is desperately in pursuit of finding her self worth.,FILM,"$1,525 ",USD raised,44%,https://www.indiegogo.com/projects/the-coin-a-short-film-road-to-feature/pica
96,https://www.indiegogo.com/projects/rapid-ssd-interchangeable-high-speed-portable-ssd/pica,Rapid SSD-Interchangeable High-Speed Portable SSD,"https://c1.iggcdn.com/indiegogo-media-prod-cld/image/upload/c_fill,f_auto,h_273,w_273/koqvxyhpdyeglrb4zg76.jpg","Built-in USB-A , USB-C & Lightning l 550MB/s Read & Write Speed l Secure | 2TB Capacity | Smallest",PHONES & ACCESSORIES,"$575,982 ",HKD raised,"1,440%",https://www.indiegogo.com/projects/rapid-ssd-interchangeable-high-speed-portable-ssd/pica
97,https://www.indiegogo.com/projects/fox-tale-it-s-time/pica,Fox Tale- It's Time!,"https://c1.iggcdn.com/indiegogo-media-prod-cld/image/upload/c_fill,f_auto,h_273,w_273/jykxdx3wxklm1zy3oq3b.jpg",Creating an environment where culture can grow,CREATIVE WORKS,"$19,484 ",USD raised,39%,https://www.indiegogo.com/projects/fox-tale-it-s-time/pica
98,https://www.indiegogo.com/projects/shall-not-be-infringed-patches-c-z--2/pica,Shall Not Be Infringed Patches - C Z,"https://c1.iggcdn.com/indiegogo-media-prod-cld/image/upload/c_fill,f_auto,h_273,w_273/frxjlkwglzvx8s1wgviq.jpg",Patches in support of the right to bear arms.,FASHION & WEARABLES,$130 ,USD raised,26%,https://www.indiegogo.com/projects/shall-not-be-infringed-patches-c-z--2/pica
99,https://www.indiegogo.com/projects/aaron-sinclair-nature-album-trees-and-turtles/pica,AARON SINCLAIR -NATURE ALBUM - TREES AND TURTLES,"https://c1.iggcdn.com/indiegogo-media-prod-cld/image/upload/c_fill,f_auto,h_273,w_273/yvgmxidnvhfbohqxp87g.jpg","A fundraiser for planting trees and saving turtles, via my debut album Notes of Nature",ENVIRONMENT,"$3,090 ",USD raised,103%,https://www.indiegogo.com/projects/aaron-sinclair-nature-album-trees-and-turtles/pica
100,https://www.indiegogo.com/projects/overactive-short-film/pica,Overactive Short Film,"https://c1.iggcdn.com/indiegogo-media-prod-cld/image/upload/c_fill,f_auto,h_273,w_273/udq0sn2rk2ta7sbla4ix.jpg","We are raising funds to make Overactive, a short film about one Black woman's mental health.",FILM,$480 ,USD raised,16%,https://www.indiegogo.com/projects/overactive-short-film/pica
101,https://www.indiegogo.com/projects/bill-s-44th-new-original-puppet-show/pica,Bill's 44th - New & Original Puppet Show!,"https://c1.iggcdn.com/indiegogo-media-prod-cld/image/upload/c_fill,f_auto,h_273,w_273/kpth7d7agcmygowmby2i.jpg",An original puppet show that will be performed live while simultaneously broadcast online this June!,DANCE & THEATER,"$9,570 ",USD raised,137%,https://www.indiegogo.com/projects/bill-s-44th-new-original-puppet-show/pica
102,https://www.indiegogo.com/projects/pxcycle-most-powerful-urban-mountain-ebike/pica,pXcycle Most Powerful Urban Mountain eBike,"https://c1.iggcdn.com/indiegogo-media-prod-cld/image/upload/c_fill,f_auto,h_273,w_273/vof13c8rfyllesenhthj.jpg",You Now Have the Power to Shrink Cities & Level Mountains,TRANSPORTATION,"$436,327 ",USD raised,"1,592%",https://www.indiegogo.com/projects/pxcycle-most-powerful-urban-mountain-ebike/pica
103,https://www.indiegogo.com/projects/pxcycle-most-powerful-urban-mountain-ebike/pica,pXcycle Most Powerful Urban Mountain eBike,"https://c1.iggcdn.com/indiegogo-media-prod-cld/image/upload/c_fill,f_auto,h_273,w_273/vof13c8rfyllesenhthj.jpg",You Now Have the Power to Shrink Cities & Level Mountains,TRANSPORTATION,"$436,327 ",USD raised,"1,592%",https://www.indiegogo.com/projects/pxcycle-most-powerful-urban-mountain-ebike/pica
104,https://www.indiegogo.com/projects/solo-v2-safety-net-against-phishing/pica,Solo V2 - Safety Net Against Phishing,"https://c1.iggcdn.com/indiegogo-media-prod-cld/image/upload/c_fill,f_auto,h_273,w_273/gffo9esrg5sfbu5udyqe.jpg","Security key to protect Gmail, Twitter, GitHub. Open, improved NFC, water resistant, reversible USB.",TECH & INNOVATION,"$481,144 ",USD raised,"7,735%",https://www.indiegogo.com/projects/solo-v2-safety-net-against-phishing/pica
105,https://www.indiegogo.com/projects/les-souvenirs-d-azvaltya-3--2/pica,Les souvenirs d'Azvaltya 3,"https://c1.iggcdn.com/indiegogo-media-prod-cld/image/upload/c_fill,f_auto,h_273,w_273/whzmaq3swnwskzax5tut.jpg","L'Atelier Auderset est de retour pour sa toute nouvelle BD: Les Souvenirs d'Azvaltya, tome 3 !",COMICS,"€27,067 ",EUR raised,30%,https://www.indiegogo.com/projects/les-souvenirs-d-azvaltya-3--2/pica
106,https://www.indiegogo.com/projects/chronicles-of-a-broken-path/pica,Chronicles Of A Broken Path,"https://c1.iggcdn.com/indiegogo-media-prod-cld/image/upload/c_fill,f_auto,h_273,w_273/tvfbomfpv7hy7krn7lxg.jpg","A high fantasy project being produced in Austin, Texas.",FILM,"$2,930 ",USD raised,117%,https://www.indiegogo.com/projects/chronicles-of-a-broken-path/pica
107,https://www.indiegogo.com/projects/matt-brooker-s-debut-album/pica,Matt Brooker's Debut Album,"https://c1.iggcdn.com/indiegogo-media-prod-cld/image/upload/c_fill,f_auto,h_273,w_273/h7ldydhckalkemzzg8nt.jpg",Raising funds for a jazz album inspired by my friends and family after a year in quarantine.,MUSIC,"$1,285 ",USD raised,11%,https://www.indiegogo.com/projects/matt-brooker-s-debut-album/pica
108,https://www.indiegogo.com/projects/square-off-neo-swap-smart-automated-board-games/pica,Square Off NEO & SWAP: Smart Automated Board Games,"https://c1.iggcdn.com/indiegogo-media-prod-cld/image/upload/c_fill,f_auto,h_273,w_273/ybupjyyxfzuutr6g0wgc.jpg",AI enabled board games with self-moving pieces which come with multiple games & a built-in coach.,HOME,"$1,076,584 ",USD raised,"1,254%",https://www.indiegogo.com/projects/square-off-neo-swap-smart-automated-board-games/pica
109,https://www.indiegogo.com/projects/mutesync-a-physical-mute-button-for-video-calls/pica,mütesync: a physical mute button for video calls,"https://c1.iggcdn.com/indiegogo-media-prod-cld/image/upload/c_fill,f_auto,h_273,w_273/eixb4ta9utoluu8lmnlq.jpg","Our lighted, physical mute button toggles mute and shows others when your mic is live!",PRODUCTIVITY,"$55,393 ",USD raised,550%,https://www.indiegogo.com/projects/mutesync-a-physical-mute-button-for-video-calls/pica
110,https://www.indiegogo.com/projects/the-catholic-girls-45-vinyl-2-new-songs/pica,THE CATHOLIC GIRLS 45 VINYL 2 NEW SONGS,"https://c1.iggcdn.com/indiegogo-media-prod-cld/image/upload/c_fill,f_auto,h_273,w_273/qqjx0krjaijaifnllalf.jpg",Help The Catholic Girls Get Back Onto Vinyl With Two New Songs.,MUSIC,$128 ,USD raised,5%,https://www.indiegogo.com/projects/the-catholic-girls-45-vinyl-2-new-songs/pica
111,https://www.indiegogo.com/projects/help-the-starlight-shine/pica,Help the Starlight Shine,"https://c1.iggcdn.com/indiegogo-media-prod-cld/image/upload/c_fill,f_auto,h_273,w_273/bjkwn7lbolo7vieg6y31.jpg",The Debut Record for William & The Texas Starlight,MUSIC,"$8,100 ",USD raised,65%,https://www.indiegogo.com/projects/help-the-starlight-shine/pica
112,https://www.indiegogo.com/projects/ampe-study-or-leap-into-the-sky-black-girl/pica,"Ampe Study or Leap into the Sky, Black Girl","https://c1.iggcdn.com/indiegogo-media-prod-cld/image/upload/c_fill,f_auto,h_273,w_273/oo2hubzhiyu4d61rhqur.jpg","Through the game, ampe, a group of Ghanaian girls retrace the steps back to their childhood selves.",FILM,"$3,185 ",USD raised,25%,https://www.indiegogo.com/projects/ampe-study-or-leap-into-the-sky-black-girl/pica
113,https://www.indiegogo.com/projects/women-behind-the-wheel--2/pica,Women Behind the Wheel,"https://c1.iggcdn.com/indiegogo-media-prod-cld/image/upload/c_fill,f_auto,h_273,w_273/zasmv1osmezckwzdxafr.jpg",Two British women take a road trip across Central Asia on a journey to uncover women’s stories.,FILM,"£1,430 ",GBP raised,29%,https://www.indiegogo.com/projects/women-behind-the-wheel--2/pica
114,https://www.indiegogo.com/projects/physical-production/pica,Physical Production,"https://c1.iggcdn.com/indiegogo-media-prod-cld/image/upload/c_fill,f_auto,h_273,w_273/ran8jwh30blu1texbghz.jpg",Help us help Jim.,FILM,"$1,835 ",USD raised,9%,https://www.indiegogo.com/projects/physical-production/pica
115,https://www.indiegogo.com/projects/build-digital-ceramic-with-home-use-microwave-kiln/pica,Build Digital Ceramic With Home Use Microwave Kiln,"https://c1.iggcdn.com/indiegogo-media-prod-cld/image/upload/c_fill,f_auto,h_273,w_273/ltlxfkiocnzjdlmqpdbe.jpg","Powerful, Easy to Use and Affordable, Cerambot Eazao turns your home to a pottery studio.",TECH & INNOVATION,"$294,079 ",USD raised,"2,845%",https://www.indiegogo.com/projects/build-digital-ceramic-with-home-use-microwave-kiln/pica
